

SET SQL_MODE = "NO_AUTO_VALUE_ON_ZERO";
SET time_zone = "+00:00";


/*!40101 SET @OLD_CHARACTER_SET_CLIENT=@@CHARACTER_SET_CLIENT */;
/*!40101 SET @OLD_CHARACTER_SET_RESULTS=@@CHARACTER_SET_RESULTS */;
/*!40101 SET @OLD_COLLATION_CONNECTION=@@COLLATION_CONNECTION */;
/*!40101 SET NAMES utf8 */;

--
-- БД: `rivalbox_nano_movies`
--

-- --------------------------------------------------------

--
-- Структура на таблица `ci_sessions`
--

CREATE TABLE IF NOT EXISTS `ci_sessions` (
  `id` varchar(40) COLLATE utf8_unicode_ci NOT NULL,
  `ip_address` varchar(45) COLLATE utf8_unicode_ci NOT NULL,
  `timestamp` int(10) unsigned NOT NULL DEFAULT '0',
  `data` blob NOT NULL,
  KEY `ci_sessions_timestamp` (`timestamp`)
) ENGINE=MyISAM DEFAULT CHARSET=utf8 COLLATE=utf8_unicode_ci;

--
-- Схема на данните от таблица `ci_sessions`
--

INSERT INTO `ci_sessions` (`id`, `ip_address`, `timestamp`, `data`) VALUES
('e63213945606706ca8d447cfdc8522702bb0e811', '94.73.22.131', 1453848697, 0x5f5f63695f6c6173745f726567656e65726174657c693a313435333834383639313b757365725f69647c733a323a223131223b69735f6c6f676765645f696e7c623a313b),
('0fe91380641723d8abdf9e9b5a709c2976bb93c4', '94.73.22.131', 1453848503, 0x5f5f63695f6c6173745f726567656e65726174657c693a313435333834383330343b757365725f69647c733a323a223131223b69735f6c6f676765645f696e7c623a313b),
('8cc57403e4838ce4042124eeece91227f68d0dc9', '94.73.22.131', 1453848116, 0x5f5f63695f6c6173745f726567656e65726174657c693a313435333834373931333b757365725f69647c733a323a223131223b69735f6c6f676765645f696e7c623a313b),
('c8c9a1a7fd194017e47370b67ce70b2affb0ef7e', '94.73.22.131', 1453847549, 0x5f5f63695f6c6173745f726567656e65726174657c693a313435333834373532333b757365725f69647c733a323a223131223b69735f6c6f676765645f696e7c623a313b616c6572747c613a323a7b693a303b733a373a2273756363657373223b693a313b733a31393a22556e6d61726b65642061732077617463686564223b7d5f5f63695f766172737c613a313a7b733a353a22616c657274223b733a333a226f6c64223b7d),
('07f148d026b992226e96fc1eed775eb3de57a1f7', '94.73.22.131', 1453847513, 0x5f5f63695f6c6173745f726567656e65726174657c693a313435333834373232303b757365725f69647c733a323a223131223b69735f6c6f676765645f696e7c623a313b),
('13538140e9bc00057bc3dcbe05329ede5c07c43d', '94.73.22.131', 1453846815, 0x5f5f63695f6c6173745f726567656e65726174657c693a313435333834363537343b757365725f69647c733a323a223131223b69735f6c6f676765645f696e7c623a313b),
('91fb36bef2a6b28132d17ec70b2bb607b327108b', '94.73.22.131', 1453846560, 0x5f5f63695f6c6173745f726567656e65726174657c693a313435333834363237333b757365725f69647c733a323a223131223b69735f6c6f676765645f696e7c623a313b),
('f232dea6fc7b82cc6ff5b7c8152e10ced16f7a38', '94.73.22.131', 1453846253, 0x5f5f63695f6c6173745f726567656e65726174657c693a313435333834353936373b757365725f69647c733a323a223131223b69735f6c6f676765645f696e7c623a313b),
('c3b47d02a72bd613b7d50568bda319838b984e8f', '94.73.22.131', 1453845610, 0x5f5f63695f6c6173745f726567656e65726174657c693a313435333834353537393b),
('eaae3f2d2e306a859317444cf5c0c1b29428f45e', '94.73.22.131', 1453845247, 0x5f5f63695f6c6173745f726567656e65726174657c693a313435333834353231393b),
('cdde59eeca3b309f9f679f7440bbd204d5c0fd24', '95.42.2.75', 1453764857, 0x5f5f63695f6c6173745f726567656e65726174657c693a313435333736343835373b757365725f69647c733a313a2231223b69735f6c6f676765645f696e7c623a313b),
('164f3093221f8708459cd4e50ba96e0daa173bc7', '95.42.2.75', 1453763170, 0x5f5f63695f6c6173745f726567656e65726174657c693a313435333736333039313b757365725f69647c733a313a2231223b69735f6c6f676765645f696e7c623a313b616c6572747c613a323a7b693a303b733a373a2273756363657373223b693a313b733a31393a22556e6d61726b65642061732077617463686564223b7d5f5f63695f766172737c613a313a7b733a353a22616c657274223b733a333a226f6c64223b7d),
('7326906d44f19968eb35e4df095ded5ad7795f81', '95.42.2.75', 1453764231, 0x5f5f63695f6c6173745f726567656e65726174657c693a313435333736343038373b757365725f69647c733a313a2231223b69735f6c6f676765645f696e7c623a313b),
('f9050bacd485b2d26006614a7c2beb8e6d966a16', '95.42.2.75', 1453762438, 0x5f5f63695f6c6173745f726567656e65726174657c693a313435333736323338323b757365725f69647c733a323a223135223b69735f6c6f676765645f696e7c623a313b616c6572747c613a313a7b693a303b733a373a2273756363657373223b7d5f5f63695f766172737c613a313a7b733a353a22616c657274223b733a333a226f6c64223b7d),
('814d36ce220dbc33459714d21a00464a9fb6ab7b', '95.42.2.75', 1453760980, 0x5f5f63695f6c6173745f726567656e65726174657c693a313435333736303638303b757365725f69647c733a323a223135223b69735f6c6f676765645f696e7c623a313b616c6572747c613a313a7b693a303b733a373a2273756363657373223b7d5f5f63695f766172737c613a313a7b733a353a22616c657274223b733a333a226f6c64223b7d),
('7471beb86bb145dd5b3c3f6f1c6a61c63c55fb3a', '95.42.2.75', 1453759994, 0x5f5f63695f6c6173745f726567656e65726174657c693a313435333735393831343b757365725f69647c733a313a2231223b69735f6c6f676765645f696e7c623a313b616c6572747c613a323a7b693a303b733a373a2273756363657373223b693a313b733a32333a2252656d6f7665642066726f6d2077617463686c69737421223b7d5f5f63695f766172737c613a313a7b733a353a22616c657274223b733a333a226f6c64223b7d),
('cae16ea330697ee770f3b82086d176d5d3bc781e', '95.42.2.75', 1453760473, 0x5f5f63695f6c6173745f726567656e65726174657c693a313435333736303235353b757365725f69647c733a313a2231223b69735f6c6f676765645f696e7c623a313b),
('cef8de2740a6e6173d0dc933d3258b56f4e3da40', '95.42.2.75', 1453757300, 0x5f5f63695f6c6173745f726567656e65726174657c693a313435333735373134313b757365725f69647c733a313a2231223b69735f6c6f676765645f696e7c623a313b),
('3a729a7dae64096704a09c1ff80f957199c2fd50', '95.42.2.75', 1453757121, 0x5f5f63695f6c6173745f726567656e65726174657c693a313435333735363833353b),
('b3a45f1bf71a59fe15079e8380fd02bac0e3179b', '95.42.2.75', 1453755720, 0x5f5f63695f6c6173745f726567656e65726174657c693a313435333735353433383b),
('c8a2efed0fd1a1a3442b0427086402c0fe9dca3f', '95.42.2.75', 1453592015, 0x5f5f63695f6c6173745f726567656e65726174657c693a313435333539313736333b757365725f69647c733a313a2231223b69735f6c6f676765645f696e7c623a313b),
('e437d8ef7c795aaf433fa453d3b1d0a3c8dd7773', '95.42.2.75', 1453591695, 0x5f5f63695f6c6173745f726567656e65726174657c693a313435333539313432303b757365725f69647c733a313a2231223b69735f6c6f676765645f696e7c623a313b),
('2a460a6ee963474ab0fba9c1da9b0fb0bc98b2f6', '95.42.2.75', 1453591763, 0x5f5f63695f6c6173745f726567656e65726174657c693a313435333539313736333b757365725f69647c733a313a2231223b69735f6c6f676765645f696e7c623a313b),
('259d490af12402be575013caf9a5c2a7db24ef40', '95.42.2.75', 1453583478, 0x5f5f63695f6c6173745f726567656e65726174657c693a313435333538333233353b757365725f69647c733a313a2231223b69735f6c6f676765645f696e7c623a313b616c6572747c613a323a7b693a303b733a373a2273756363657373223b693a313b733a33323a22416464656420746f2077617463686c697374207375636365737366756c6c7921223b7d5f5f63695f766172737c613a313a7b733a353a22616c657274223b733a333a226f6c64223b7d),
('452509adacd485b65594e03e00c95cfbe46e4377', '95.42.2.75', 1453583580, 0x5f5f63695f6c6173745f726567656e65726174657c693a313435333538333538303b757365725f69647c733a313a2231223b69735f6c6f676765645f696e7c623a313b616c6572747c613a323a7b693a303b733a373a2273756363657373223b693a313b733a33363a2252656d6f7665642066726f6d2077617463686c697374207375636365737366756c6c7921223b7d5f5f63695f766172737c613a313a7b733a353a22616c657274223b733a333a226f6c64223b7d),
('20c4597bf32797f5bfffbb92f9a42a1cb4e5a928', '95.42.2.75', 1453585126, 0x5f5f63695f6c6173745f726567656e65726174657c693a313435333538353132353b757365725f69647c733a313a2231223b69735f6c6f676765645f696e7c623a313b616c6572747c613a323a7b693a303b733a373a2273756363657373223b693a313b733a31393a22416464656420746f2077617463686c69737421223b7d5f5f63695f766172737c613a313a7b733a353a22616c657274223b733a333a226f6c64223b7d),
('541d0312db35700e29e238b2b5aa1efac6a89fee', '95.42.2.75', 1453585814, 0x5f5f63695f6c6173745f726567656e65726174657c693a313435333538353639353b757365725f69647c733a313a2231223b69735f6c6f676765645f696e7c623a313b616c6572747c613a323a7b693a303b733a373a2273756363657373223b693a313b733a31393a22416464656420746f2077617463686c69737421223b7d5f5f63695f766172737c613a313a7b733a353a22616c657274223b733a333a226f6c64223b7d),
('e9eeda79062b31681ddd8225b8ba2c806730be60', '95.42.2.75', 1453586794, 0x5f5f63695f6c6173745f726567656e65726174657c693a313435333538363531383b757365725f69647c733a313a2231223b69735f6c6f676765645f696e7c623a313b),
('5cb8c529713152ef6bb298661c6d5210a1aa170f', '95.42.2.75', 1453587141, 0x5f5f63695f6c6173745f726567656e65726174657c693a313435333538363835343b757365725f69647c733a313a2231223b69735f6c6f676765645f696e7c623a313b),
('dde6809df42993c5c941b2cf19207d2156e33d25', '95.42.2.75', 1453587349, 0x5f5f63695f6c6173745f726567656e65726174657c693a313435333538373136353b757365725f69647c733a313a2231223b69735f6c6f676765645f696e7c623a313b),
('3de415c45349bf9bc2935e41d0fd888e9d53a4af', '95.42.2.75', 1453587737, 0x5f5f63695f6c6173745f726567656e65726174657c693a313435333538373630343b757365725f69647c733a313a2231223b69735f6c6f676765645f696e7c623a313b),
('4a11ecf7fa480cfaa71221517a6b70bd5254cc61', '95.42.2.75', 1453588849, 0x5f5f63695f6c6173745f726567656e65726174657c693a313435333538383738363b757365725f69647c733a313a2231223b69735f6c6f676765645f696e7c623a313b616c6572747c613a323a7b693a303b733a373a2273756363657373223b693a313b733a31393a22416464656420746f2077617463686c69737421223b7d5f5f63695f766172737c613a313a7b733a353a22616c657274223b733a333a226f6c64223b7d),
('afac85b8fe1dc8815ffd0db0b3f3747e73745f46', '95.42.2.75', 1453590611, 0x5f5f63695f6c6173745f726567656e65726174657c693a313435333539303335303b757365725f69647c733a313a2231223b69735f6c6f676765645f696e7c623a313b),
('3323078f5f333ac5a25519d804cdf562cb4d86b5', '95.42.2.75', 1453590959, 0x5f5f63695f6c6173745f726567656e65726174657c693a313435333539303637323b757365725f69647c733a313a2231223b69735f6c6f676765645f696e7c623a313b);

-- --------------------------------------------------------

--
-- Структура на таблица `comments`
--

CREATE TABLE IF NOT EXISTS `comments` (
  `id` int(11) unsigned NOT NULL AUTO_INCREMENT,
  `user_id` int(11) unsigned NOT NULL,
  `media_id` int(11) NOT NULL,
  `data` varchar(255) CHARACTER SET utf8 COLLATE utf8_unicode_ci NOT NULL,
  `ip` varchar(255) CHARACTER SET utf8 COLLATE utf8_unicode_ci NOT NULL,
  PRIMARY KEY (`id`)
) ENGINE=MyISAM  DEFAULT CHARSET=utf8 AUTO_INCREMENT=14 ;

--
-- Схема на данните от таблица `comments`
--

INSERT INTO `comments` (`id`, `user_id`, `media_id`, `data`, `ip`) VALUES
(1, 1, 1, 'testing comment', 'no_ip'),
(2, 1, 1, 'asd', ''),
(9, 15, 1, 'like', ''),
(4, 1, 1, 'comment', ''),
(5, 1, 1, 'commentnm', ''),
(6, 1, 1, 'bla', ''),
(12, 11, 1, 'hello', ''),
(11, 1, 1, 'qwe', ''),
(13, 11, 1, 'Hello!', '94.73.22.131');

-- --------------------------------------------------------

--
-- Структура на таблица `media`
--

CREATE TABLE IF NOT EXISTS `media` (
  `id` int(10) unsigned NOT NULL AUTO_INCREMENT,
  `title` varchar(255) COLLATE utf8_unicode_ci NOT NULL,
  `year` year(4) NOT NULL,
  `poster` varchar(255) COLLATE utf8_unicode_ci NOT NULL,
  `description` text COLLATE utf8_unicode_ci NOT NULL,
  `type` tinyint(1) unsigned NOT NULL,
  `length` tinyint(3) unsigned NOT NULL,
  `trailer` varchar(255) COLLATE utf8_unicode_ci NOT NULL,
  PRIMARY KEY (`id`)
) ENGINE=MyISAM  DEFAULT CHARSET=utf8 COLLATE=utf8_unicode_ci AUTO_INCREMENT=2 ;

--
-- Схема на данните от таблица `media`
--

INSERT INTO `media` (`id`, `title`, `year`, `poster`, `description`, `type`, `length`, `trailer`) VALUES
(1, 'The Intern', 2015, 'http://wp.production.patheos.com/blogs/pursuedbytruth/files/2015/10/the-intern-.jpg', 'Бен Уитекър (Робърт Де Ниро) е 70-годишен вдовец и пенсионер, който решава да се „върне в играта” и кандидатства за работа като стажант в голяма и престижна модна компания. Основателка и управителка на компанията е Джулс Остин (Ан Хатауей), млада майка и съпруга, която е споходена от успех в бизнеса много внезапно и семейният й живот е поставен в конфликт с професионалния. Като „старши-пенсионер стажант”, Бен бързо става важен и доверен член от работния екип и е единствения, който може да помогне на Джулс да намери баланс в живота си.', 1, 123, '');

-- --------------------------------------------------------

--
-- Структура на таблица `media_genres`
--

CREATE TABLE IF NOT EXISTS `media_genres` (
  `id` int(10) unsigned NOT NULL AUTO_INCREMENT,
  `genre` varchar(255) COLLATE utf8_unicode_ci NOT NULL,
  PRIMARY KEY (`id`)
) ENGINE=MyISAM  DEFAULT CHARSET=utf8 COLLATE=utf8_unicode_ci AUTO_INCREMENT=15 ;

--
-- Схема на данните от таблица `media_genres`
--

INSERT INTO `media_genres` (`id`, `genre`) VALUES
(1, 'Action'),
(2, 'Adventure'),
(3, 'Comedy'),
(4, 'Crime'),
(5, 'Documentary'),
(6, 'Drama'),
(7, 'Fantasy'),
(8, 'Horror'),
(9, 'Musical'),
(10, 'Psycho'),
(11, 'Thriller'),
(12, 'Sci-Fi'),
(13, 'Western'),
(14, 'Family');

-- --------------------------------------------------------

--
-- Структура на таблица `media_genres_assigned`
--

CREATE TABLE IF NOT EXISTS `media_genres_assigned` (
  `id` int(10) unsigned NOT NULL AUTO_INCREMENT,
  `genre_id` int(10) unsigned NOT NULL,
  `media_id` int(10) unsigned NOT NULL,
  PRIMARY KEY (`id`)
) ENGINE=MyISAM  DEFAULT CHARSET=utf8 COLLATE=utf8_unicode_ci AUTO_INCREMENT=3 ;

--
-- Схема на данните от таблица `media_genres_assigned`
--

INSERT INTO `media_genres_assigned` (`id`, `genre_id`, `media_id`) VALUES
(1, 3, 1),
(2, 14, 1);

-- --------------------------------------------------------

--
-- Структура на таблица `users`
--

CREATE TABLE IF NOT EXISTS `users` (
  `id` int(11) NOT NULL AUTO_INCREMENT,
  `username` varchar(255) COLLATE utf8_unicode_ci NOT NULL,
  `password` varchar(255) COLLATE utf8_unicode_ci NOT NULL,
  `email` varchar(255) COLLATE utf8_unicode_ci NOT NULL,
  `first_name` varchar(255) COLLATE utf8_unicode_ci NOT NULL,
  `last_name` varchar(255) COLLATE utf8_unicode_ci NOT NULL,
  PRIMARY KEY (`id`)
) ENGINE=MyISAM  DEFAULT CHARSET=utf8 COLLATE=utf8_unicode_ci AUTO_INCREMENT=17 ;

--
-- Схема на данните от таблица `users`
--

INSERT INTO `users` (`id`, `username`, `password`, `email`, `first_name`, `last_name`) VALUES
(1, 'krisiii', '7288edd0fc3ffcbe93a0cf06e3568e28521687bc', 'bas35@abv.bg', '', ''),
(2, 'user123', '93ec71b22793a81569c94ca17e4d9c293d8e201f', 'krisi_pironkova@abv.bg', '', ''),
(7, 'chrisiepironkova', '01b307acba4f54f55aafc33bb06bbbf6ca803e9a', 'lll@lll.nn', '', ''),
(11, 'radkos', 'ac2b9fbafc724b18b48586e89a83176d2f183833', 'rmazganov@gmail.com', '', ''),
(12, 'test', '92429d82a41e930486c6de5ebda9602d55c39986', 'test@test.com', '', ''),
(13, 'asdfasdf', '92429d82a41e930486c6de5ebda9602d55c39986', 'asdfasdf@asdf.com', '', ''),
(14, 'tralala', 'bb31fbff8fac91c17ee6052d98084e6e63184859', 'tralala@tralala.com', '', ''),
(15, 'alex', '7288edd0fc3ffcbe93a0cf06e3568e28521687bc', 'alex@alex.com', 'alex', 'alex'),
(16, 'kpironkova', '7288edd0fc3ffcbe93a0cf06e3568e28521687bc', 'kpironkova@abv.bg', 'krisi', 'pironkova');

-- --------------------------------------------------------

--
-- Структура на таблица `users_watched`
--

CREATE TABLE IF NOT EXISTS `users_watched` (
  `id` int(10) unsigned NOT NULL AUTO_INCREMENT,
  `media_id` int(11) NOT NULL,
  `user_id` int(11) NOT NULL,
  `date_watched` timestamp NOT NULL DEFAULT CURRENT_TIMESTAMP,
  PRIMARY KEY (`id`)
) ENGINE=MyISAM  DEFAULT CHARSET=utf8 COLLATE=utf8_unicode_ci AUTO_INCREMENT=16 ;

-- --------------------------------------------------------

--
-- Структура на таблица `users_watchlist`
--

CREATE TABLE IF NOT EXISTS `users_watchlist` (
  `id` int(10) unsigned NOT NULL AUTO_INCREMENT,
  `media_id` int(11) NOT NULL,
  `user_id` int(11) NOT NULL,
  `date_added` timestamp NOT NULL DEFAULT CURRENT_TIMESTAMP,
  PRIMARY KEY (`id`)
) ENGINE=MyISAM  DEFAULT CHARSET=utf8 COLLATE=utf8_unicode_ci AUTO_INCREMENT=30 ;

--
-- Схема на данните от таблица `users_watchlist`
--

INSERT INTO `users_watchlist` (`id`, `media_id`, `user_id`, `date_added`) VALUES
(18, 1, 1, '2016-01-25 22:21:10'),
(19, 1, 15, '2016-01-25 22:25:12');

/*!40101 SET CHARACTER_SET_CLIENT=@OLD_CHARACTER_SET_CLIENT */;
/*!40101 SET CHARACTER_SET_RESULTS=@OLD_CHARACTER_SET_RESULTS */;
/*!40101 SET COLLATION_CONNECTION=@OLD_COLLATION_CONNECTION */;
